{
    "a0": 0.11362935553499846,
    "a1": 0.3489053345667592,
    "a2": 0.19056429232192415,
    "a3": 0.16558741905642924,
    "a4": 0.10484119642306507,
    "b0": 0.14014801110083258,
    "b1": 0.012488436632747455,
    "b2": 0.05164970706136293,
    "b3": 0.03746530989824237,
    "b4": 0.009096515572001234,
    "c0": 0.1421523280912735,
    "c1": 0.027135368485969782,
    "c2": 0.060437866173296335,
    "c3": 0.0633672525439408,
    "c4": 0.019580635214307737,
    "d0": 0.10561208757323465,
    "d1": 0.012950971322849213,
    "d2": 0.06012950971322849,
    "d3": 0.07261794634597596,
    "d4": 0.12688868331791553,
    "e0": 0.04671600370027752,
    "e1": 0.2510021584952205,
    "e2": 0.13598519888991673,
    "e3": 0.35877274128893,
    "e4": 0.23465926611162505,
    "f0": 0.09219858156028368,
    "f1": 0.003700277520814061,
    "f2": 0.027443724946037622,
    "f3": 0.035923527597903175,
    "f4": 0.012642614862781376,
    "g0": 0.09836571076164047,
    "g1": 0.01171754548257786,
    "g2": 0.056120875732346594,
    "g3": 0.06521739130434782,
    "g4": 0.02204748689485045,
    "h0": 0.0753931544865865,
    "h1": 0.0841813135985199,
    "h2": 0.018501387604070305,
    "h3": 0.036231884057971016,
    "h4": 0.05704594511255011,
    "i0": 0.02543940795559667,
    "i1": 0.21322849213691028,
    "i2": 0.1620413197656491,
    "i3": 0.1356768424298489,
    "i4": 0.04316990440949738,
    "j0": 0.031144002466851683,
    "j1": 0.0016959605303731114,
    "j2": 0.007092198581560284,
    "j3": 0.004471168670983657,
    "j4": 0.0004625346901017576,
    "k0": 0.057971014492753624,
    "k1": 0.014646931853222326,
    "k2": 0.04193647856922603,
    "k3": 0.07755164970706137,
    "k4": 0.03993216157878508,
    "l0": 0.08896083872957138,
    "l1": 0.10777058279370952,
    "l2": 0.1307431390687635,
    "l3": 0.1188714153561517,
    "l4": 0.07338883749614554,
    "m0": 0.10684551341350601,
    "m1": 0.028985507246376812,
    "m2": 0.07878507554733272,
    "m3": 0.06197964847363552,
    "m4": 0.028060437866173297,
    "n0": 0.05010792476102374,
    "n1": 0.05319148936170213,
    "n2": 0.14862781375269812,
    "n3": 0.12149244526672834,
    "n4": 0.08171446191797718,
    "o0": 0.04039469626888684,
    "o1": 0.3231575701510947,
    "o2": 0.15309898242368178,
    "o3": 0.1076164045636756,
    "o4": 0.059975331483194574,
    "p0": 0.1324390995991366,
    "p1": 0.03561517113783534,
    "p2": 0.056120875732346594,
    "p3": 0.06444650015417823,
    "p4": 0.022664199814986123,
    "q0": 0.012025901942645698,
    "q1": 0.002312673450508788,
    "q2": 0.0020043169904409497,
    "q3": 0.00030835646006783845,
    "q4": 0.0006167129201356769,
    "r0": 0.09682392846130125,
    "r1": 0.14492753623188406,
    "r2": 0.18470551958063522,
    "r3": 0.11085414739438791,
    "r4": 0.10376194881282762,
    "s0": 0.24128893000308355,
    "s1": 0.014338575393154486,
    "s2": 0.08217699660807895,
    "s3": 0.07955596669750231,
    "s4": 0.6102374344742522,
    "t0": 0.12565525747764417,
    "t1": 0.03684859697810669,
    "t2": 0.09497378970089423,
    "t3": 0.13845205057045945,
    "t4": 0.11208757323465927,
    "u0": 0.02913968547641073,
    "u1": 0.18300955905026212,
    "u2": 0.10283687943262411,
    "u3": 0.061825470243601605,
    "u4": 0.010329941412272588,
    "v0": 0.037311131668208444,
    "v1": 0.008017267961763799,
    "v2": 0.03700277520814061,
    "v3": 0.024051803885291396,
    "v4": 0.0006167129201356769,
    "w0": 0.06367560900400863,
    "w1": 0.025131051495528828,
    "w2": 0.04178230033919211,
    "w3": 0.01973481344434166,
    "w4": 0.00986740672217083,
    "x0": 0.0024668516805427076,
    "x1": 0.008788159111933395,
    "x2": 0.020505704594511252,
    "x3": 0.0018501387604070304,
    "x4": 0.010792476102374346,
    "y0": 0.02790625963613938,
    "y1": 0.04178230033919211,
    "y2": 0.03283996299722479,
    "y3": 0.016651248843663275,
    "y4": 0.2005858772741289,
    "z0": 0.016188714153561518,
    "z1": 0.004471168670983657,
    "z2": 0.02189330866481653,
    "z3": 0.01942645698427382,
    "z4": 0.004933703361085415
}